Author,Title
Патрик Кинг,"Читайте людей как книгу. Как анализировать, понимать и предсказывать эмоции, мысли, намерения и поведение людей"
Елена Михалкова,"Посмотри, отвернись, посмотри"
Ольга Назарова,Детектив для неправильных людей
Михаил Иванов,50 бизнес-моделей новой экономики. Уроки компаний-единорогов
Патрик Кинг,"Перестаньте угождать людям. Будьте ассертивным, перестаньте заботиться о том, что думают о вас другие, и избавьтесь от чувства вины"
Anne Dar,Родная кровь
Лена Обухова,Украденный ключ
Ольга Варданян,"Сил нет. 12 шагов по выходу из выгорания, бессилия и начинающейся депрессии"
Николай Цискаридзе,Мой театр. По страницам дневника. Книга II
Джеймс Клир,Атомные привычки. Как приобрести хорошие привычки и избавиться от плохих
Максим Ильяхов,"Пиши, сокращай 2025: Как создавать сильный текст (PDF + EPUB)"
Патрик Кинг,"Перестаньте угождать людям. Будьте ассертивным, перестаньте заботиться о том, что думают о вас другие, и избавьтесь от чувства вины"
Люсинда Райли,Убийства во Флит-хаусе
Люсинда Райли,Семь сестер. Атлас. История Па Солта
Серж Винтеркей,Ревизор: возвращение в СССР 10
Anne Dar,Один год жизни
Татьяна Мужицкая,Переговоры по душам. Простая технология успешной коммуникации
Джессами Хибберд,Синдром самозванца. Как вырваться из ловушки токсичного мышления
Джон Гришэм,Кто в списке у судьи?
Светлана Зимодро,Полный курс сербского языка (+ аудиоприложение)
Роман Прокофьев,Звездная Кровь-6. Тинг
Джейд Картер,Нейросети практика
Татьяна Серганова,"Здравствуйте, я невеста дракона!"
Коллектив авторов,DAMA-DMBOK. Свод знаний по управлению данными
Алексей Ситников,Karmalogic
Татьяна Мужицкая,Роман с самим собой. Как уравновесить внутренние ян и инь и не отвлекаться на всякую хрень
Николай Цискаридзе,Мой театр. По страницам дневника. Книга I
Виктор Дашкевич,Императорский Див. Колдун Российской империи
Алексей Ситников,Karmalogic
Виктор Дашкевич,Граф Аверин. Колдун Российской империи
Серж Винтеркей,Антидемон. Книга 10
Татьяна Серганова,"Травница, или Как выжить среди магов. Том 2"
Евгений Водолазкин,Лавр
Наталья Мамлеева,Мой сводный Лёд
Татьяна Мужицкая,"Теория невероятности. Как мечтать, чтобы сбывалось, как планировать, чтобы достигалось"
Милена Завойчинская,Университет Специальных Чар. Книга 3. Маэстрине некогда скучать
Ольга Примаченко,"К себе нежно. Книга о том, как ценить и беречь себя"
Алексей Брусницын,Времени нет
Александра Маринина,Дебютная постановка. Том 1
Виктор Дашкевич,Императорский Див. Колдун Российской империи
Роберт Гараев,Слово пацана. Криминальный Татарстан 1970–2010-х
Фредрик Бакман,Тревожные люди
Виктор Дашкевич,Граф Аверин. Колдун Российской империи
Алексей Брусницын,Времени нет
Татьяна Мужицкая,"Мне все льзя. О том, как найти свое призвание и самого себя"
Елена Звездная,Второй шанс. Книга третья
Дина Рубина,Не вычеркивай меня из списка…
Максим Томилко,Временные трудности
Эдит Ева Эгер,Выбор. О свободе и внутренней силе человека
Татьяна Мужицкая,Переговоры по душам. Простая технология успешной коммуникации
Александра Маринина,Тьма после рассвета
Anne Dar,Обреченные пылать
Анна и Сергей Литвиновы,Красивая женщина умирает дважды
,BABOK®. Руководство к своду знаний по бизнес-анализу®. Версия 3.0
Алексей Иванов,Бронепароходы
Маргарита Гришаева,"Смерть, отбор и котики"
Anne Dar,НеКлон
Эрин Мейер,"Карта культурных различий. Как люди думают, руководят и добиваются целей в международной среде"
Виктор Пелевин,Путешествие в Элевсин
Патрик Кинг,"Наука чтения людей. Как понять, что люди на самом деле имеют в виду, когда говорят"
Анастасия Томилова,"Почему я не худею. Дело не в диете, дело – в голове"
Катерина Цвик,"Все ведьмы – стервы, или Темных принцев мы (не) заказывали!"
Алексей Иванов,Бронепароходы
Лена Обухова,Тринадцатая запись
Аль Джу,Дальше не помню
Айн Рэнд,Атлант расправил плечи
Александра Маринина,Дебютная постановка. Том 2
Елена Звездная,Второй шанс. Книга вторая
Татьяна Серганова,"Травница, или Как выжить среди магов"
Серж Винтеркей,Антидемон. Книга 10
Патрик Кинг,"Читайте людей как книгу. Как анализировать, понимать и предсказывать эмоции, мысли, намерения и поведение людей"
Стивен Кови,Семь навыков высокоэффективных людей. Мощные инструменты развития личности
Anne Dar,Жизнь №2
Владимир Сорокин,Доктор Гарин
Михаил Шахназаров,История в стиле fine
Катерина Ленгольд,"Agile life: Как вывести жизнь на новую орбиту, используя методы agile-планирования, нейрофизиологию и самокоучинг"
Ника Ёрш,"А вот и я, дракон!"
Людмила Мартова,Стереть из памяти
Татьяна Мужицкая,"Брать, давать и наслаждаться. Как оставаться в ресурсе, что бы с вами ни происходило"
Татьяна Мужицкая,"Теория невероятности. Как мечтать, чтобы сбывалось, как планировать, чтобы достигалось"
Эдит Ева Эгер,Выбор. О свободе и внутренней силе человека
Николай Задорнов,Амур-батюшка
Мишель Бюсси,Ты никогда не исчезнешь
Милена Завойчинская,"Университет Специальных Чар. Книга 1. Пощады, маэстрина!"
Милена Завойчинская,Университет Специальных Чар. Книга 2. Большие планы маэстрины
Андрей Евгеньевич Первухин,Целитель
Марк Мэнсон,Тонкое искусство пофигизма. Парадоксальный способ жить счастливо
Виктор Франкл,Сказать жизни «Да!»: психолог в концлагере
Алекс Д,Нам нельзя
Эрин Мейер,"Карта культурных различий. Как люди думают, руководят и добиваются целей в международной среде"
Патрик Кинг,"Как контролировать эмоции. Обретите равновесие, устойчивость, спокойствие, свободу от стресса, тревожности и негатива"
Евгений Севастьянов,Системное управление на практике. 50 историй из опыта руководителей для развития управленческих навыков
Майк Омер,Внутри убийцы
Михаил Иванов,50 бизнес-моделей новой экономики. Уроки компаний-единорогов
Джо Диспенза,"Сила подсознания, или Как изменить жизнь за 4 недели"
Алексей Ситников,Karmacoach
Игорь Манн,Планируй. Как правильно планировать каждый год своей жизни и сделать максимум запланированного
Роберт Лихи,"Свобода от тревоги. Справься с тревогой, пока она не расправилась с тобой"
Сара Джио,Из Лондона с любовью
Алексей Брусницын,Игра снов
Роман Прокофьев,Звездная Кровь-5. Вечность
Джеймс Клир,Атомные привычки. Как приобрести хорошие привычки и избавиться от плохих
Елена Михалкова,"Мертвый кролик, живой кролик"
Фрэнк Герберт,Дюна. Первая трилогия
Люсинда Райли,Семь сестер. Атлас. История Па Солта
Брук Лин,Капкан
Стивен Кови,7 навыков высокоэффективных людей. Мощные инструменты развития личности
АНОНИМУС,Дело побежденного бронтозавра
Мэттью Перри,"Друзья, любимые и одна большая ужасная вещь. Автобиография"
Деннис Тейлор,Небесная река
Андрей Земляной,Волшебник
Елена Звездная,Второй шанс. Книга первая
Александр Фридман,Вы или хаос. Профессиональное планирование для регулярного менеджмента
Шарлотта Линк,Наблюдатель
Луиза Пенни,Безумие толпы
Ольга Ускова,Этюды черни
Элияху Голдратт,Цель. Процесс непрерывного совершенствования
Владимир Сорокин,Метель
Элияху Голдратт,Цель. Процесс непрерывного совершенствования
Александра Шервинская,"Клиника «Вскрытие покажет», или Живым вход воспрещён"
Anne Dar,Восставшие из пепла
Алексей Николаевич Загуляев,Прерыватель
Брайан Моран,"12 недель в году. Как за 12 недель сделать больше, чем другие успевают за 12 месяцев"
Хайдарали Усманов,Иное измерение. Через тернии к свободе
Anne Dar,Silence
Барбара Оакли,Думай как математик: Как решать любые задачи быстрее и эффективнее
Алексей Ситников,Karmamagic
Марк Мэнсон,"Will. Чему может научить нас простой парень, ставший самым высокооплачиваемым актером Голливуда"
Андрей Земляной,Кудесник
Александр Фридман,Делегирование: результат руками сотрудников. Технология регулярного менеджмента
Наталья Тимошенко,Хранительница болот
Алексей Брусницын,Новейший Завет
Фредрик Бакман,Вторая жизнь Уве
Даниэль Канеман,Думай медленно… Решай быстро
Татьяна Степанова,Корень зла среди трав
Даниэль Канеман,Думай медленно… Решай быстро
Александра Шервинская,"Клиника «Вскрытие покажет», или Живым вход воспрещён. Часть 2"
Алексей Марков,"Капитал. Как сколотить капитал, как его не потерять, и почему нам его так не хватает"
Лена Обухова,"Тот, кто живет в колодце"
Роберт Сапольски,Биология добра и зла. Как наука объясняет наши поступки
Фредрик Бакман,"Бабушка велела кланяться и передать, что просит прощения"
Сидни Шелдон,Если наступит завтра
Anne Dar,Объятые пламенем
Алекс Гор,Контуженный: ИНТЕГРАЦИЯ
Ольга Примаченко,"К себе нежно. Книга о том, как ценить и беречь себя"
Роберт Чалдини,Психология влияния. 7-е расширенное издание
Наталья Тимошенко,Fila vitae. Нити жизни
Дэвид Кэмерон Джиканди,"Счастливый карман, полный денег. Формирование сознания изобилия"
Алексей Брусницын,Игра снов
Евгений Водолазкин,Чагин
Эрик Мейзел,Как изменить свою жизнь с помощью когнитивно-поведенческой терапии
Патрик Кинг,"Как легко завести разговор с любым человеком. Искусство умной, легкой и увлекательной беседы"
Роберт Кийосаки,"Богатый папа, бедный папа"
Фрэнк Герберт,Дюна
Евгений Водолазкин,Лавр
Анна Старобинец,Лисьи броды
Серж Винтеркей,Ревизор: возвращение в СССР 11
Астра Стражинская,"Соляр. Техника исполнения желаний. 12 дней после дня рождения, которые сделают весь год удачным"
Эрих Мария Ремарк,Время жить и время умирать
Дэвид Кэмерон Джиканди,"Счастливый карман, полный денег. Формирование сознания изобилия"
Максим Дорофеев,"Джедайские техники. Как воспитать свою обезьяну, опустошить инбокс и сберечь мыслетопливо"
Татьяна Устинова,Квартира в раю
Лорет Энн Уайт,Дневник служанки
Юджин Роган,Арабы. История. XVI–XXI вв.
Anne Dar,Обреченные обжечься
Роберт Грин,48 законов власти. Законы 1-16
Нил Стивенсон,Синдром отката
Серж Винтеркей,Ревизор: возвращение в СССР 9
Ирина Грекова,Хозяйка гостиницы
Уильям Ширер,Взлет и падение Третьего Рейха
Фредрик Бакман,Медвежий угол
Владимир Моженков,Ген директора. 17 правил позитивного менеджмента по-русски
Анна Лерн,Помещицы из будущего
Крис Уитакер,Мы начинаем в конце
Энди Вейер,Проект «Аве Мария»
Сергей Лукьяненко,Прыжок
Анна Гаврилова,"Слово дракона, или Поймать невесту"
Серж Винтеркей,Ревизор: возвращение в СССР 10
Коллектив авторов,Руководство к своду знаний по управлению проектами (Руководство PMBOK®) + Agile: практическое руководство
Юлия Ивлиева,"Ты – причина. Почему мы всегда получаем то, чего заслуживаем, и как навести порядок в семье и в жизни"
Мишель Бюсси,Черные кувшинки
Сергей Тармашев,Жажда власти 5. Фрагментация
Ольга Гусейнова,Темная сторона. Маг
Соня Марей,"Доктора вызывали?, или Трудовые будни попаданки"
Ирина Градова,Кровь Ангелов
Илья Соломенный,Сумеречный охотник
Тони Гэддис,Начинаем программировать на Python
Б. Э. Пэрис,Психотерапевт
Ульяна Романова,Наглый. Дерзкий. Родной
Майк Омер,Гибельное влияние
Виктор Пелевин,Путешествие в Элевсин
Сергей Лукьяненко,Порог
Максим Томилко,Временные трудности 2
Садхгуру,Карма. Как стать творцом своей судьбы
Крис Уитакер,Мы начинаем в конце
Эрих Мария Ремарк,Время жить и время умирать
Рик Хансон,"Мозг Будды: нейропсихология счастья, любви и мудрости"
Николас Старгардт,Мобилизованная нация. Германия 1939–1945
Татьяна Мужицкая,"Мне все льзя. О том, как найти свое призвание и самого себя"
Наталья Мамлеева,Мой Сводный Лёд
,Как приготовить все что угодно. Большая книга рецептов и техник
Джон Перкинс,Исповедь экономического убийцы
Ребекка Яррос,Четвертое крыло
Максим Батырев,45 татуировок менеджера. Правила российского руководителя
Александра Черчень,"Погадай на дракона, ведьма!"
Дмитрий Витальевич Шелег,Курсант поневоле
Влад Лей,Старатель 6
Рэй Брэдбери,451 градус по Фаренгейту
Джордж Сэмюэль Клейсон,Самый богатый человек в Вавилоне
Маргарита Ардо,"Его Снежинка, пятая справа"
Лю Цысинь,Задача трех тел
Татьяна Полякова,Свет мой тишина
Делия Оуэнс,"Там, где раки поют"
Дмитрий Петров,Жилой комплекс «Курицын»
Альбина Матрикс,Матрица судьбы от А до Я
Джулия Эндерс,Очаровательный кишечник. Как самый могущественный орган управляет нами
Анна Дашевская,Здесь все рядом
Anne Dar,Обреченные стать пеплом
Юрий Мурадян,Игра Атлантов. Алхимия мечты
Виктор Державин,Агентурная разведка. Часть 3. Вербовка
Джек Д. Швагер,Технический анализ: Полный курс
Питер Браун,Дикий робот
Виктор Державин,Агентурная разведка. Часть 2. Нелегальный резидент. Поиск
Виктор Пелевин,KGBT+ (КГБТ+)
Ольга Герр,Охота на попаданку. Бракованная жена
Андрей Евгеньевич Первухин,Целитель. Книга вторая
Шарлотта Брандиш,"Драма в Гриффин-холле, или Отравленный уикенд"
Серж Винтеркей,Антидемон. Книга 9
Павел Корнев,Нелегал. Том 2
Ольга Гусейнова,Темная сторона. Ученица
Фэнни Флэгг,Жареные зеленые помидоры в кафе «Полустанок»
Дина Рубина,Не вычеркивай меня из списка…
Мэтт Хейг,Полночная библиотека
Дмитрий Ра,Гильдия Злодеев. Том 5
Роб Фитцпатрик,"Спроси маму: Как общаться с клиентами и подтвердить правоту своей бизнес-идеи, если все кругом врут?"
Матильда Старр,Невольная ведьма. Добро пожаловать в кошмар
Эдуард Хруцкий,Осень в Сокольниках
Татьяна Устинова,Судьба по книге перемен
Алекс Гор,Контуженный: АДАПТАЦИЯ
Мария Метлицкая,С видом на Нескучный
Татьяна Серганова,"Травница, или Как выжить среди магов. Том 2"
Джоуи Коулман,Никогда не теряйте клиента. Превратите любого покупателя в пожизненного клиента за 100 дней
Мишель Уэльбек,Уничтожить
Андрей Васильев,Осколки легенд. Том 2
Ольга Викторовна Дашкова,Крепкий орешек
Макс Глебов,Объект контроля
Юлия Ефимова,Ложь без срока годности
Елена Вавилова,Нетворкинг для разведчиков. Как извлечь пользу из любого знакомства
Влад Лей,Старатель 5
Василий Маханенко,Закон джунглей. Книга 1
Джон Богл,Руководство разумного инвестора. Надежный способ получения прибыли на фондовом рынке
Роберт Чалдини,Психология влияния. 7-е расширенное издание
Алексей Брусницын,Новейший Завет
Садхгуру,Внутренняя инженерия. Путь к радости. Практическое руководство от йога
Фредрик Бакман,Здесь была Бритт-Мари
Джули Старр,"Полное руководство по методам, принципам и навыкам персонального коучинга"
Бас Вютерс,"Онлайн-влияние. Как управлять поведением людей, чтобы они совершали покупки в онлайне"
Патрик Кинг,"Как легко завести разговор с любым человеком. Искусство умной, легкой и увлекательной беседы"
Герман Симон,"Признания мастера ценообразования. Как цена влияет на прибыль, выручку, долю рынка, объем продаж и выживание компании"
Владимир Сорокин,Норма. Тридцатая любовь Марины. Голубое сало. День опричника. Сахарный Кремль
Ричард Осман,"Человек, который умер дважды"
Лев Толстой,Война и мир. В 4-х томах
Майк Омер,Гибельное влияние
Вадим Панов,Кто-то просит прощения
Майк Омер,Пламя одержимости
Грег МакКеон,Эссенциализм. Путь к простоте
Элизабет Гилберт,Город женщин
Фредрик Бакман,Тревожные люди
Матильда Старр,Школа чернокнижников. Железная корона
Мария Татар,Тысячеликая героиня: Женский архетип в мифологии и литературе
Роз Уоткинс,Красный дом
Джо Диспенза,"Сила подсознания, или Как изменить жизнь за 4 недели"
О.Шеллина (shellina),Вендетта. Часть II. Том VII
Роберт Гэлбрейт,Дурная кровь
Владимир Завертайлов,"Настольная книга project-менеджера. Что нужно знать, чтобы управлять IT, digital и другими проектами с учетом российских реалий"
Карина Илларионова,Не очень хорошие люди
Майк Омер,Глазами жертвы
Марк Уолинн,Это началось не с тебя. Как мы наследуем негативные сценарии нашей семьи и как остановить их влияние
Аркадий и Борис Стругацкие,Волны гасят ветер
Дейл Карнеги,Как завоевывать друзей и оказывать влияние на людей
Бодо Шефер,Пёс по имени Мани
Юрий Поляков,"Веселая жизнь, или Секс в СССР"
Эдвард Бернейс,Пропаганда
Майк Омер,Скрытые намерения
Роберт Кийосаки,"Богатый папа, бедный папа"
Михаил Булгаков,Мастер и Маргарита
Сидни Шелдон,Если наступит завтра
Бессел ван дер Колк,Тело помнит все. Какую роль психологическая травма играет в жизни человека и какие техники помогают ее преодолеть
Нассим Николас Талеб,Антихрупкость. Как извлечь выгоду из хаоса
Дмитрий Петров,Альфонс Алёша
Серж Винтеркей,Ревизор: возвращение в СССР 2
Татьяна Мужицкая,"Зоопарк в твоей голове. 25 психологических синдромов, которые мешают нам жить"
Люсинда Райли,Семь сестер
Валерий Пылаев,Волков. Апраксин двор
Делия Росси,Волчий лог
Джефф Уокер,Запуск! Быстрый старт для вашего бизнеса
Татьяна Мужицкая,"Брать, давать и наслаждаться. Как оставаться в ресурсе, что бы с вами ни происходило"
Виктор Державин,Агентурная разведка. Часть 1. Внедрение «Спящих»
Илья Качай,Практическая философия новой жизни. Рационально-эмоционально-поведенческая терапия
Александр Михайловский,"Год 1941, Священная война"
Татьяна Устинова,Роковой подарок
Анджей Сапковский,Ведьмак
Джон Перкинс,Новая исповедь экономического убийцы
Марина Фиорато,Венецианский контракт
Михаил Хазин,Кризис и Власть. Том II. Люди Власти. Диалоги о великих сюзеренах и властных группировках
Келли Макгонигал,Сила воли. Как развить и укрепить
Максим Батырев,45 татуировок менеджера. Правила российского руководителя
Тамара Петкевич,Жизнь – сапожок непарный. Книга первая
Кристин Хармель,Забвение пахнет корицей
Милена Завойчинская,Модный салон феи-крестной
Тори Майрон,С тобой
Серж Винтеркей,Ревизор: возвращение в СССР
Мика Ртуть,"Догнать ревизора, или Налог на Золушку"
Брук Лин,Грешный ангел
Хэл Хершфилд,"Не мешай своему будущему. Что изменить сейчас, чтобы не жалеть потом"
Роджер Дули,НейроМаркетинг. Как влиять на подсознание потребителя
Мстислава Чёрная,Академия погодной магии
Ольга Назарова,"Красивая дочь, ружьё, лопата, алиби"
Люсинда Райли,Семь сестер. Сестра тени
Амелия Борн,Развод. Со мной так нельзя
Андрей Васильев,Легкий заказ
Майк Омер,Фейри-профайлер
Валентин Артурович Шишкин,Альфа код. Невербальный язык телодвижений высшего статуса
Олег Дорман,"Подстрочник. Жизнь Лилианны Лунгиной, рассказанная ею в фильме Олега Дормана"
Эрик Берн,"Игры, в которые играют люди. Психология человеческих взаимоотношений"
Захар Прилепин,Собаки и другие люди
Ольга Примаченко,"С тобой я дома. Книга о том, как любить друг друга, оставаясь верными себе"
Куив Макдоннелл,"День, который никогда не настанет"
Алекс Гор,Контуженный: Побратим
Александра Шервинская,"Академия Последнего Шанса – 3. Если хочешь, останься"
Антон Петряков,Быть нельзя казаться
Любовь Черникова,"Клятва дракона, или Непокорная невеста"
Иман Кальби,Брат жениха. Цена измены
Мари Мур,Мир Аматорио. Соблазн
Шарлотта Брандиш,Леди из Фроингема
Мари Мур,Мир Аматорио. Искушение
Бессел ван дер Колк,Тело помнит все. Какую роль психологическая травма играет в жизни человека и какие техники помогают ее преодолеть
Эрик Берн,"Игры, в которые играют люди. Психология человеческих взаимоотношений"
Влад Лей,Старатель 4
Айн Рэнд,Атлант расправил плечи
Марина Суржевская,Совершенные
Андрей Булычев,Егерь императрицы. Война на Дунае
Анна Князева,В сентябре вода холодная
Андрей Стоев,За последним порогом. Ветры Запада. Книга 2
Алексей Ситников,Karmacoach. Часть 1
Ирина Коняева,Невеста на побегушках
Конкордия Антарова,Две жизни. Все части. Сборник в обновленной редакции
Филип Котлер,"Маркетинг от А до Я: 80 концепций, которые должен знать каждый менеджер"
Сергей Лукьяненко,Лето волонтёра
Виолетта Гвоздовская,Рестораторы России. Опыт будущего. Том 1
Стефани Шталь,"Ребенок в тебе должен обрести дом. Вернуться в детство, чтобы исправить взрослые ошибки"
Michael Gilliland,Business Forecasting
Ольга Примаченко,"К себе нежно. Книга о том, как ценить и беречь себя"
Алекс Михаэлидес,Безмолвный пациент
Роберт Мартин,Чистая архитектура. Искусство разработки программного обеспечения
Владимир Иванович Вернадский,Биосфера и ноосфера
Мари Мур,Мир Аматорио. Доверие
Алекс Гор,Дикий прапор
Марина Суржевская,Проникновение
Мелисса Харрисон,Хранители мира
Алекс Гор,Контуженный: РОКОШ
Алекс Гор,Дикий прапор. Книга 2
Татьяна Серганова,Мой крылатый кошмар
Алекс Гор,Контуженный: Каторжанин
Александра Шервинская,Академия Последнего Шанса – 1. Кадры решают всё
Лина Коваль,Моя Мия
Антон Карелин,Одиссей Фокс
Роман Прокофьев,Звездная Кровь-4. Одиссей
Лена Обухова,"Тот, кто живет в колодце"
Геннадий Старшенбаум,Психосоматика и психотерапия. Исцеление души и тела
Лю Цысинь,Задача трех тел
Эрих Мария Ремарк,Ночь в Лиссабоне
Дарья Донцова,Витязь в розовых штанах
Вероника Лесневская,Двойняшки по ошибке. Случайная встреча
Сергей Лукьяненко,Черновик
Кристина Корр,"Попаданка, приручившая вампиров"
Евгений Водолазкин,Чагин
Виктор Державин,Агентурная разведка. Часть 4. ПГУ.ru. Взаимодействие
Виктор Державин,"Агентурная разведка. Часть 6. Money, money, money"
Виктор Державин,Агентурная разведка. Часть 11 «Дружественный огонь»
Серж Винтеркей,Антидемон. Книга 8
Виктор Державин,Агентурная разведка. Часть 12. Боевой разворот
Серж Винтеркей,Ревизор: возвращение в СССР 8
Людмила Петрановская,Тайная опора. Привязанность в жизни ребенка
Олдос Леонард Хаксли,О дивный новый мир
Владимир Моженков,Ген директора. 17 правил позитивного менеджмента по-русски
Адриана Трижиани,Жена башмачника
Бо Со,"Как убедить тех, кого хочется прибить. Правила продуктивного спора без агрессии и перехода на личности"
Татьяна Мужицкая,Роман с самим собой. Как уравновесить внутренние ян и инь и не отвлекаться на всякую хрень
Юлия Ефимова,Проклятие принцессы Алтая
Шарлотта Брандиш,Мюзик-холл на Гроув-Лейн
Алеся Казанцева,"Режиссёр сказал: одевайся теплее, тут холодно"
Юлия Ефимова,Остров тринадцати приговоренных
Юлия Ефимова,Секрет Сибирского Старца
Александр Герчик,Курс активного трейдера
Мэттью Макконахи,Зеленый свет
Виктор Пелевин,TRANSHUMANISM INC. (Трансгуманизм Inc.)
Роберт Гэлбрейт,Зов кукушки
Нассим Николас Талеб,Статистические последствия жирных хвостов. О новых вычислительных подходах к принятию решений
Юваль Ной Харари,Sapiens. Краткая история человечества
Марк Мэнсон,"Will. Чему может научить нас простой парень, ставший самым высокооплачиваемым актером Голливуда"
Анастасия Джей Голлов,Код Судьбы: матрица. Путь истинного Я
Анна Гаджибек,Матрица Судьбы. Программы в матрице
Е. С. Музланова,ЕГЭ-2024. Английский язык. 30 тренировочных вариантов экзаменационных работ для подготовки к единому государственному экзамену
Алина Углицкая,(Не)нужная жена дракона
Серж Винтеркей,Ревизор: возвращение в СССР 4
Алексей Корнелюк,Отстойные полезные привычки. Мотивация и эффективность на пальцах
Люсинда Райли,Семь сестер. Потерянная сестра
Джеймс Кэмирон Гейтсбери,Загадочная история Элизабет
Алина Углицкая,(Не)единственная
Захар Прилепин,Некоторые не попадут в ад
Наталья Андреевна Самсонова,Сагертская Военная Академия
Анастасия Томилова,"Почему я не худею: Дело не в диете, дело – в голове"
Ольга Примаченко,"Всё закончится, а ты нет. Книга силы, утешения и поддержки"
Патрик Кинг,"Практический интеллект. Как критически мыслить, моделировать ситуации, глубоко анализировать и никогда не обманываться"
Патрик Кинг,Негласные правила общения и этикета. Как вызвать симпатию в любой социальной ситуации
Кевин Мюррей,Харизма лидера. Как мотивировать на успех свою команду
Юрий Поляков,"Веселая жизнь, или Секс в СССР"
Вадим Зеланд,Трансерфинг реальности. Ступень I: Пространство вариантов
Александра Шервинская,Академия Последнего Шанса – 2. Круто ты попал!
Роман Прокофьев,Стеллар. Легат
Роман Прокофьев,Звездная Кровь-2. Фригольд
Вадим Панов,День чёрной собаки
Серг Усов,Попаданец. Маг Тени. Книга 4
Серг Усов,Попаданец. Маг Тени. Книга 3
Алексей Вязовский,Почти врач
Михаил Хазин,Кризис и Власть. Том I. Лестница в небо
Ха-Джун Чанг,Как устроена экономика
Эдит Ева Эгер,Дар. 12 ключей к внутреннему освобождению и обретению себя
Сергей Краснов,Нескучные финансы. Как управлять бизнесом на основе цифр и не сойти с ума
Айн Рэнд,Источник
Ребекка Яррос,Четвертое крыло
Роберт Гараев,Слово пацана. Криминальный Татарстан 1970–2010-х
Люсинда Райли,Убийства во Флит-хаусе
Серж Винтеркей,Ревизор: возвращение в СССР 3
Вероника Лесневская,Невеста на выход
Александр Фридман,Вы или вас: профессиональная эксплуатация подчиненных. Регулярный менеджмент для рационального руководителя
Андрей Евгеньевич Первухин,Сиротка. Книга шестая
Анна и Сергей Литвиновы,Смерть за добрые дела
Юлия Пирумова,"Хрупкие люди. Почему нарциссизм – это не порок, а особенность, с которой можно научиться жить"
Александр Баунов,Конец режима. Как закончились три европейские диктатуры
Вадим Зеланд,Трансерфинг реальности. Ступень I: Пространство вариантов
Антон Петряков,Быть нельзя казаться
Катерина Ленгольд,"Agile life: Как вывести жизнь на новую орбиту, используя методы agile-планирования, нейрофизиологию и самокоучинг"
Валерий Увалов,Стальные Волки. Сектор заражения
Влад Лей,Старатель 3
Влад Лей,Старатель 2
Эдвард Бернейс,Кристаллизация общественного мнения
Влад Лей,Старатель 7
Серж Винтеркей,Антидемон. Книга 6
Серж Винтеркей,Антидемон. Книга 7
Ная Геярова,Академия Драконесс. Восход теней
Филип Котлер,Основы маркетинга
Хэл Элрод,Магия утра. Как первый час дня определяет ваш успех
Александр Богачев,"Графики, которые убеждают всех"
Маргулан Сейсембай,Миссия выполнима. Технология счастливой жизни
Мэттью Перри,"Друзья, любимые и одна большая ужасная вещь"
Anne Dar,Абсолютный. Часть 1. Парадизар
Дэвид Аллен,Как привести дела в порядок: искусство продуктивности без стресса
Энн Пэтчетт,Голландский дом
Ася Казанцева,Кто бы мог подумать!
Станислав Дробышевский,"Дело о пропавшей учительнице, или Параллельные человечества палеолита"
Роберт Гловер,"Хватит быть славным парнем! Проверенный способ добиться желаемого в любви, сексе и жизни"
Роман Прокофьев,Звездная кровь-3. Земли теней
Нассим Николас Талеб,Антихрупкость. Как извлечь выгоду из хаоса
Павел Басинский,Подлинная история Константина Левина
Клайв Стейплз Льюис,Хроники Нарнии. Вся история Нарнии в 7 повестях
Евгений Водолазкин,Авиатор
Тимофей Кармацкий,"Доказательная психосоматика: факты и научный подход. Очень полезная книга для всех, кто думает о здоровье"
Стивен Кинг,Стрелок
Джен Синсеро,"НИ ЗЯ. Откажись от пагубных слабостей, обрети силу духа и стань хозяином своей судьбы"
Садхгуру,Внутренняя инженерия. Путь к радости. Практическое руководство от йога
Татьяна Устинова,Пленница
Матильда Старр,Школа чернокнижников. Тёмная метка
Роберт Торогуд,Смерть на Темзе
Матильда Старр,Школа чернокнижников. Абсолютный артефакт
Виктор Державин,Агентурная разведка. Часть 5. Подсказки интуиции
митрополит Тихон (Шевкунов),«Несвятые святые» и другие рассказы
Ерофей Трофимов,Кровь на клинке
Кэтрин Бэннер,Дом на краю ночи
Анджей Сапковский,Ведьмак
Серж Винтеркей,Ревизор: возвращение в СССР 5
Бен Элтон,Два брата
Сергей Лукьяненко,Предел
Элияху Голдратт,Цель-2. Дело не в везении
Майк Омер,Пламя одержимости
Сосэки Нацумэ,Ваш покорный слуга кот
Фредрик Бакман,Мы против вас
Лоретта Грациано Бройнинг,"Гормоны счастья. Как приучить мозг вырабатывать серотонин, дофамин, эндорфин и окситоцин"
Роберт Грин,Законы человеческой природы
Карл Сьюэлл,Клиенты на всю жизнь
Ирина Якутенко,Воля и самоконтроль: Как гены и мозг мешают нам бороться с соблазнами
Джолин Харт,"Год внимания к себе. 365 практик, которые сделают хороший отдых частью жизни"
Адалин Черно,Фиктивная жена прокурора
Максим Дорофеев,Путь джедая. Поиск собственной методики продуктивности
Шарлотта Брандиш,"Драма в Гриффин-холле, или Отравленный уикенд"
Шарлотта Брандиш,Леди из Фроингема
Алекс Д,Улей. Книга 3
Мари Мур,Мир Аматорио. Исчезнувшая
Анна Князева,Письмо с того берега
Влад Лей,Старатель
Екатерина Манойло,Ветер уносит мертвые листья
Юлия Ефимова,Забытая легенда Ольхона
Катерина Цвик,"Все ведьмы – стервы, или Ректору больше (не) наливать"
Екатерина Ромеро,Игрушка олигарха
Анна Гаврилова,Любимая адептка его величества. Книга 4
Максим Батырев,Менеджмент во время шторма. 15 правил управления в кризис
Майк Омер,Дом страха
Роман Прокофьев,Стеллар. Эфемер
Наринэ Абгарян,Манюня
Михаил Дорин,Авиатор: назад в СССР 3
Сергей Савинов,Главред. Назад в СССР. Книга 1
Ана Сакру,До дрожи
Алексей Михайлович Величко,Новый Рим на Босфоре
Peter  Hall,Cities of Tomorrow. An Intellectual History of Urban Planning and Design Since 1880
Александр Аркадьевич Михалев,Пенсия без дураков
Елена Архипова,Развод в подарок
Ольга Примаченко,"Всё закончится, а ты нет. Книга силы, утешения и поддержки"
Александра Черчень,Турнир для сиротки
Александра Черчень,Хозяйка магической лавки – 4
Барбара Оакли,Думай как математик. Как решать любые задачи быстрее и эффективнее
Захар Прилепин,Шолохов. Незаконный
Аллан Диб,"Одностраничный маркетинговый план. Как найти новых клиентов, заработать больше денег и выделиться из толпы"
Эрик Мейзел,Как изменить свою жизнь с помощью когнитивно-поведенческой терапии
Корин Свит,Сам себе психотерапевт. Как изменить свою жизнь с помощью когнитивно-поведенческой терапии
Патрик Кинг,"Как вести светские беседы. Искусство вовлечь в общение, захватить внимание, поддержать содержательный разговор и установить прочные связи"
Патрик Кинг,"Наука чтения людей. Как понять, что люди на самом деле имеют в виду, когда говорят"
Федор Достоевский,Идиот
Рэй Брэдбери,451 градус по Фаренгейту
Владимир Сорокин,Доктор Гарин
Куив Макдоннелл,Последние поручения
Майк Омер,Скрытые намерения
Джон Кехо,Подсознание может всё!
Колин Типпинг,"Радикальное Прощение. Духовная технология для исцеления взаимоотношений, избавления от гнева и чувства вины, нахождения взаимопонимания в любой ситуации"
Серж Винтеркей,Антидемон. Книга 5
Наталья Жильцова,Факультет изгнанных
Серж Винтеркей,Антидемон. Книга 4
Роман Прокофьев,Стеллар. Прометей
Роман Прокофьев,Стеллар. Сфирот
Роман Прокофьев,Стеллар. Инкарнатор
Дарья Савельева,"Осознанная кулинария. Полезный конструктор завтраков, обедов и ужинов на каждый день"
Людмила Мартова,Поместье с привидениями
Майк Омер,Заживо в темноте
Маркус Зусак,Книжный вор
Татьяна Полякова,Тайна всегда со мной
Федор Достоевский,Преступление и наказание
Дональд Миллер,"Метод StoryBrand: Расскажите о своем бренде так, чтобы в него влюбились"
Anne Dar,Полтора года жизни
Карл Сафина,В погоне за черепахой. Путешествие длиной в 200 миллионов лет
Кристина Кампос,Лимонный хлеб с маком
Франк Хеллер,Шесть меню
О.Шеллина (shellina),Вендетта. Часть I. Том VI
Лиза Кэмпион,Рэйки. Развитие интуитивных и эмпатических способностей для энергетического исцеления
Лю Цысинь,Темный лес
Ольга Назарова,Абсолютно неправильные люди. Ветер перемен
Ольга Назарова,Абсолютно неправильные люди. Самый лучший не рыцарь.
Линкольн Чайлд,Путь крови
Роберт Макки,"История на миллион долларов: Мастер-класс для сценаристов, писателей и не только"
Кэтрин Стокетт,Прислуга
Светлана Бронникова,Интуитивное питание. Как перестать беспокоиться о еде и похудеть
Максим Ильяхов,"Ясно, понятно. Как доносить мысли и убеждать людей с помощью слов"
Виктор Олифер,"Компьютерные сети. Принципы, технологии, протоколы (+ epub)"
Дэвид Бернс,Терапия настроения. Клинически доказанный способ победить депрессию без таблеток
Сергей Калиничев,"Адекватность. Как видеть суть происходящего, принимать хорошие решения и создавать результат без стресса"
Anne Dar,Равные
Anne Dar,Абсолютный. Часть 2. Дикие просторы
Anne Dar,Дикая. Часть 2. Конкур
Дева Кей,Пороки Лэндэльфа. Забытые сказки
Anne Dar,Металлический Турнир
Макс Фрай,О любви и смерти (сборник)
Татьяна Серганова,Бал дебютанток. Танец с врагом
Михаил Атаманов,Искажающие Реальность. Книга 11. Неприемлемая жертва
Валерий Пылаев,Волков. Гимназия №6
Дейл Карнеги,Как завоевывать друзей и оказывать влияние на людей
Юрий Винокуров,Орден Архитекторов
Иван Гончаров,Обыкновенная история
Люсинда Райли,Полуночная роза
Анастасия Вячеславовна Плотникова,"Как создать свой онлайн-курс, или Сам себе методолог"
Елена Арсенева,Нумерология с 0 до PRO. Карта Кармических Программ
Люсинда Райли,Семь сестер
Джейд Картер,Нейросети. Обработка аудиоданных
Садхгуру,Карма. Как стать творцом своей судьбы
Люсинда Райли,Семь сестер. Сестра ветра
Дмитрий Витальевич Шелег,Свидетельство силы
Людмила Мартова,От звезды и до воды
Юлия Ефимова,Волшебное свечение Ладоги
Елена Михалкова,Перо бумажной птицы
Клайв Стейплз Льюис,Хроники Нарнии. Вся история Нарнии в 7 повестях
Бернхард Шлинк,Внучка
Бодо Шефер,Путь к финансовой свободе
Ричард Осман,"Человек, который умер дважды"
Максим Ильяхов,"Ясно, понятно. Как доносить мысли и убеждать людей с помощью слов (PDF + EPUB)"
Алексей Ковтунов,Системный призрак
Джон Кехо,Подсознание может всё!
Ричард Осман,Выстрел мимо цели
Деннис Тейлор,Мы – Легион. Мы – Боб
Роман Прокофьев,Звездная Кровь
Юджин Роган,Арабы. История. XVI–XXI вв.
Серг Усов,Попаданец. Маг Тени. Книга 4
Мэй Маск,"Женщина, у которой есть план: правила счастливой жизни"
Джейсон Фанг,"Код ожирения. Глобальное медицинское исследование о том, как подсчет калорий, увеличение активности и сокращение объема порций приводят к ожирению, диабету и депрессии"
Серг Усов,Попаданец. Маг Тени. Книга 2
Татьяна Устинова,Гений пустого места
Михаил Булгаков,Мастер и Маргарита
Дж. Кенджи Лопес-Альт,The Food Lab. Лаборатория еды
Александр Элдер,Как играть и выигрывать на бирже в XXI веке: Психология. Дисциплина. Торговые инструменты и системы. Контроль над рисками. Управление трейдингом
Уинстон Черчилль,Вторая мировая война
Виктор Франкл,Сказать жизни «Да!»: психолог в концлагере
Амир Левин,Подходим друг другу. Как теория привязанности поможет создать гармоничные отношения
АНОНИМУС,Дело наследника цесаревича
Дэниел Гоулман,"Эмоциональный интеллект. Почему он может значить больше, чем IQ"
АНОНИМУС,Дело Саввы Морозова
АНОНИМУС,Гибель Сатурна
Робин Норвуд,"Женщины, которые любят слишком сильно. Если для вас «любить» означает «страдать», эта книга изменит вашу жизнь"
Роберт Грин,48 законов власти
Роман Прокофьев,Звездная Кровь-4. Одиссей
Александр Камрадов,Контент-Диета. Книга от первого цифрового диетолога России
Серж Винтеркей,Ревизор: возвращение в СССР 7
Владимир Тарасов,Искусство управленческой борьбы (аудиосеминар)
Александр Фридман,Делегирование: результат руками сотрудников. Технология регулярного менеджмента
Альбина Нури,Пучина скорби
Татьяна Серганова,Сердце дракона. Танец с врагом
Сергей Лукьяненко,Семь дней до Мегиддо
Марк Мэнсон,Тонкое искусство пофигизма. Парадоксальный способ жить счастливо
Иван Лесков,Дышите носом. Что нужно знать о современных методах лечения болезней носа
Альберт Бертран Бас,Память – это ты
Михаил Шолохов,Тихий Дон
Линкольн Чайлд,Кабинет доктора Ленга
Донато Карризи,Дом огней
Айзек Азимов,Академия (Основание)
Алекс Лесли,Жжизнь без трусов 2.0
3dtotal,Цвет и свет. Полное пособие по теоретическим основам
Майк Омер,Внутри убийцы
Донна Тартт,Тайная история
Андрей Васильев,Край неба
Наринэ Абгарян,Симон
Юрий Мурадян,Игра Атлантов. Алхимия мечты
Владимир Набоков,Лолита
Серж Винтеркей,Антидемон
Шелдон Купер,Топовый бустер для финансового IQ
Серж Винтеркей,Антидемон. Книга 3
Кристина Юрьевна Юраш,Жена с татуировкой дракона
Влад Лей,Лутер
Михаил Дорин,Авиатор: Назад в СССР
Влад Лей,Колонисты 3
Роман Прокофьев,Стеллар. Трибут
Роман Прокофьев,Звездная Кровь
Валерий Увалов,Стальные Волки. Сектор заражения
Владимир Сорокин,День опричника
Халед Хоссейни,Тысяча сияющих солнц
О.Шеллина (shellina),Внук Петра Великого. Том 1
Виктория Ледерман,Теория невероятностей
Кристин Ханна,С жизнью наедине
Александр Фридман,Вы или хаос. Профессиональное планирование для регулярного менеджмента
Рэй Далио,Принципы. Жизнь и работа
Татьяна Мужицкая,"Измени жизнь, оставаясь собой"
Кай-фу Ли,ИИ-2041. Десять образов нашего будущего
Кристин Нефф,Самосострадание. О силе сочувствия и доброты к себе
Морган Хаузел,"Психология денег. Вечные уроки богатства, жадности и счастья"
Дэн Браун,Происхождение
Игорь Рыбаков,HOMO TOTUS. Учение об актуальности
Сергей Лукьяненко,Черновик
Алексей Марков,"Капитал. Как сколотить капитал, как его не потерять, и почему нам его так не хватает"
Олдос Леонард Хаксли,О дивный новый мир
Татьяна Серганова,"Травница, или Как выжить среди магов"
Андрей Красников,Темные боги. Черный апостол
Андрей Евгеньевич Первухин,Сиротка. Книга третья
Anne Dar,Металлический Ген
Эрих Мария Ремарк,Триумфальная арка
Алексей Семихатов,"Всё, что движется. Прогулки по беспокойной Вселенной от космических орбит до квантовых полей"
Виктор Ремизов,Вечная мерзлота
Рэй Брэдбери,Вино из одуванчиков
Anne Dar,Родная кровь Часть 1
Сергей Довлатов,Компромисс
Виктор Пелевин,Чапаев и Пустота
Роман Прокофьев,Стеллар. Мятежник
Адриана Трижиани,Жена башмачника
Роман Прокофьев,Стеллар. Заклинатель
Даррелл Ригби,"Agile, который работает. Как правильно трансформировать бизнес во времена радикальных перемен"
Александра Маринина,Отдаленные последствия. Том 2
Матильда Старр,Прорицательница. Академия мертвых душ
Юлиус  Фучик,Репортаж с петлей на шее
Роза Александрия,Измена в подарок на свадьбу. Тайная беременность
Вадим Панов,Кто-то просит прощения
Макс Глебов,Армада Вторжения
Инна Юрьевна Чекалева,108 сценариев для reels
Матильда Старр,Академия мертвых душ. Неправильная студентка
Александра Маринина,Дебютная постановка. Том 2
Серж Винтеркей,Антидемон. Книга 2
Анна Берсенева,Песчаная роза
Татьяна Алюшина,Ломаные линии судьбы
Джеймс Роллинс,Ключ Судного дня
Роман Прокофьев,Стеллар. Архонт
Елена Михалкова,"Мертвый кролик, живой кролик"
Константин Харский,"Осторожно, двери открываются. Роман-тренинг о том, как мастерство продавца меняет жизнь"
Пег Стрип,Нелюбимая дочь
Евгения Гинзбург,Крутой маршрут
Антон Текшин,Застрявший в Кишке
Марша Линехан,Руководство по тренингу навыков при терапии пограничного расстройства личности
Захар Прилепин,Некоторые не попадут в ад
Даррелл Ригби,"Agile, который работает. Как правильно трансформировать бизнес во времена радикальных перемен"
Андрей Васильев,Край неба
Лорет Энн Уайт,Тайна пациента
Максим Батырев,"45 татуировок продавана. Правила для тех, кто продает и управляет продажами"
Грегори Дэвид Робертс,Шантарам
Карстен Хенн,Служба доставки книг
Патрик Ленсиони,Пять пороков команды
Ханья Янагихара,До самого рая
Владимир Сорокин,De feminis
Елена Звездная,Город драконов. Книга седьмая
АНОНИМУС,Камень погибели
Алекс Найт,"Истинная поневоле, или Сирота в Академии Драконов"
Алекс Найт,Фиктивная жена драконьего военачальника
Григорий Шаргородский,Оценщик. Одноразовый кумир
Влад Лей,Лутер 2
Влад Лей,Лутер 3
Серж Винтеркей,Ревизор: возвращение в СССР 6
Ольга Алексеевна Ярошинская,"Невеста под прикрытием, или Свадьбы не будет!"
Кристина Юрьевна Юраш,"Потому, что ты – монстр!"
Джон Эрнст Стейнбек,К востоку от Эдема
Ольга Назарова,Абсолютно неправильные люди
Андрей Евгеньевич Первухин,Сиротка. Книга четвёртая
Андрей Евгеньевич Первухин,Сиротка. Книга пятая
Теона Рэй,Право на счастье
О. В. Терентьева,ОГЭ-2024. Английский язык. 30 тренировочных вариантов экзаменационных работ для подготовки к основному государственному экзамену
Жюль Верн,20 тысяч лье под водой
Себастьян Жапризо,Купе смертников
Софья Тимофеева,Бизнес на каблуках. Советы деловой женщины
Джек Д. Швагер,"Таинственные маги рынка. Лучшие трейдеры, о которые вы никогда не слышали"
Бо Со,"Как убедить тех, кого хочется прибить. Правила продуктивного спора без агрессии и перехода на личности"
Пауло Коэльо,Одиннадцать минут
Шамиль Идиатуллин,До февраля
Джон Рональд Руэл Толкин,Две твердыни
Сэнди Хотчкисс,Почему всегда дело в тебе? 7 смертных грехов нарциссизма
Анна Шарлай,Психология стиля
Дина Рубина,Наполеонов обоз. Книга 1. Рябиновый клин
Майк Омер,Дом страха
Софья Ремез,"Заметки Гоши Куницына, ученика 4 «А» класса"
Абрахам Вергезе,Рассечение Стоуна
А.Никл,Повелитель теней 5
Вадим Зеланд,Тафти жрица 2. Управление событиями
Билл Любанович,Простой Python. Современный стиль программирования
Михай Чиксентмихайи,Поток: Психология оптимального переживания
Пег Стрип,Нелюбимая дочь. Как оставить в прошлом травматичные отношения с матерью и начать новую жизнь
Хэл Элрод,Магия утра. Как первый час дня определяет ваш успех
Лена Обухова,Пробуждение куклы
Алекс Д,Улей. Книга 2
Дмитрий Глуховский,Метро. Трилогия под одной обложкой
Анджей Сапковский,Последнее желание
Евгений Щепин,"ВкусВилл: Как совершить революцию в ритейле, делая всё не так"
Евгений Щепин,"ВкусВилл: Как совершить революцию в ритейле, делая всё не так"
Максим Батырев,Менеджмент во время шторма. 15 правил управления в кризис
Леонид Юзефович,Дом свиданий
Александра Маринина,Дебютная постановка. Том 1
Татьяна Устинова,Развод и девичья фамилия
Дем Михайлов,Перекресток одиночества 4. Часть 1
Джулия Либур,Дракон с бантиком
Алексей Пехов,Цветок яблони
Фрэнк Кинслоу,Мгновенное исцеление. Техника Квантового Смещения
Евгений Севастьянов,Системное управление на практике. 50 историй из опыта руководителей для развития управленческих навыков
Михаил Дорин,Авиатор: назад в СССР 2
Маргарита Ардо,Академия волшебства. Незачет по злодеям
Анна Марчук,"Хитрый, как лис, ловкий, как тигр. 36 китайских стратагем, которые научат выходить победителем из любой ситуации"
Андрей Васильев,Останний день
Роб Янг,Сила личности. Как влиять на людей и события
Патрик Кинг,"Как стать экспертом по человеческому поведению. Наблюдайте, читайте, понимайте и расшифровывайте людей на основе минимальной информации"
Фредрик Бакман,Вторая жизнь Уве
Ася Володина,Протагонист
Мишель Бюсси,Ты никогда не исчезнешь
Ерофей Трофимов,Одиночка
Наталья Мамлеева,"Истинная для демона-2, или Укради мои воспоминания"
Светлана Гурьянова,"В начале было кофе. Лингвомифы, речевые «ошибки» и другие поводы поломать копья в спорах о русском языке"
Кира Иствуд,Отбор Истинных. Книга 2. Второй шанс для принцессы
Юлия Ефимова,Пока медведица на небе
Кира Иствуд,Возвращение злодейки любовного романа
Джордж Сэмюэль Клейсон,Самый богатый человек в Вавилоне
Андрей Курпатов,Красная таблетка. Посмотри правде в глаза
Ханья Янагихара,Маленькая жизнь
Виктор Пелевин,KGBT+ (КГБТ+)
Александр Тамоников,Крик болотной птицы
Макс Глебов,Столица мятежной окраины
Мика Ртуть,"Догнать ревизора, или Налог на Золушку"
Александр Лоуэн,"Радость. Как наполнить тело энергией, а жизнь счастьем"
А.Никл,Сотня граней. Том 6. Тысяча и одна боль
Александра Черчень,Хозяйка магической лавки – 3
Эрвин Шрёдингер,Что такое жизнь?
Джордж Р. Р. Мартин,Путешествия Тафа (сборник)
Мария Гаранина,Записки исторической сплетницы. О жизни королевских особ и аристократов XII-XVIII вв.
Тана Френч,Фейтфул-Плейс
Наринэ Абгарян,С неба упали три яблока
Матильда Старр,Академия мертвых душ. Нечаянная невеста
Клэр Дуглас,Исчезновение
Александр Ширвиндт,"Склероз, рассеянный по жизни"
Джеймс Джойс,Улисс
Дина Рубина,Липовая жена
Александра Маринина,Отдаленные последствия. Том 1
Дэвид Бернс,Терапия настроения: Клинически доказанный способ победить депрессию без таблеток
Александр Колесников,Нумерология. Самоучитель
Виктор Державин,Агентурная разведка. Часть 9. Поединок. Эндшпиль
Виктор Державин,Агентурная разведка. Часть 10. Venceremos
Евгений Юрьевич Ильичев,Последний контакт
Валерий Пылаев,Волков. Апраксин двор
Нил Дональд Уолш,Беседы с Богом. Необычный диалог. Книга 1
Анна Гаврилова,Любимая адептка его величества. Книга 3
Селина Катрин,Академия Космического Флота: Пограничный филиал
Влад Лей,Колонисты. Хозяева Хруста
Л. Дж. Шэн,Бессердечные изгои. Безжалостный соперник
Константин Харский,"Осторожно, двери открываются. Роман-тренинг о том, как мастерство продавца меняет жизнь"
Джон Ирвинг,Правила виноделов
Рафаэль Дамиров,Курсант. Назад в СССР 4
Александра Черчень,Герцог для Сиротки
Роберт Кийосаки,Квадрант денежного потока
Андрей Васильев,Легкий заказ
Р. С. Шеррифф,Две недели в сентябре
Пауло Коэльо,Одиннадцать минут
Ю Несбё,Нетопырь
Селина Аллен,Зверь
Эндрю Робертс,Наполеон: биография
Филип Котлер,"Маркетинг от А до Я: 80 концепций, которые должен знать каждый менеджер"
Майк Омер,Глазами жертвы
Андрей Васильев,Время выбора
Дональд Рейфилд,Жизнь Антона Чехова
Александр Герчик,Курс активного трейдера
Анджей Сапковский,Ведьмак
Гэри Чепмен,Пять языков любви. Как выразить любовь вашему спутнику
Стивен Кинг,Институт
Андрей Васильев,Грани сумерек
Черстин Лундберг Хан,Печенье счастья
Умберто Эко,Имя розы
Дэниел Киз,Цветы для Элджернона
Георгий Данелия,Тостуемый пьет до дна
Ерофей Трофимов,Одиночка. Кровавая вира
Валерий Петрович Большаков,Целитель-12
Кристина Корр,"Изгнанница на проклятом отборе, или Второй шанс для истинных"
Ерофей Трофимов,Лесной гамбит
Люсинда Райли,Семь сестер. Сестра ветра
Александра Черчень,Пари на сиротку
Нина Фролова,Таро. Полное руководство по чтению карт и предсказательной практике
Сергей Обложко,Худеем по метаболическому принципу
Ксения Комал,Дом на глухой окраине
Василий Маханенко,Закон джунглей. Книга 1
Андерс де ла Мотт,Чисто шведские убийства. Отпуск в раю
Кейт Феррацци,«Никогда не ешьте в одиночку» и другие правила нетворкинга
Ренат Шагабутдинов,Магия таблиц. 100+ приемов ускорения работы в Excel (и немного в Google Таблицах)
Максим Батырев,45 татуировок личности. Правила моей жизни
Малькольм Гладуэлл,"Гении и аутсайдеры. Почему одним все, а другим ничего?"
Мариам Петросян,"Дом, в котором…"
Эдвард Радзинский,Николай II
Фредрик Бакман,"Бабушка велела кланяться и передать, что просит прощения"
Геннадий Старшенбаум,Психосоматика и психотерапия. Исцеление души и тела
Дэн Кеннеди,Жесткий менеджмент: Заставьте людей работать на результат
Хайдарали Усманов,Иное измерение. Проблемы разных культур
Андрей Евгеньевич Первухин,Ученик. Книга десятая. Граф
Артём Март,Шофёр. Назад в СССР
Серж Винтеркей,Ревизор: возвращение в СССР 9
Елена Михалкова,Знак Истинного Пути
Андрей Васильев,Тайные тропы
Николай Свечин,Дела минувшие
Маршалл Розенберг,Ненасильственное общение. Язык Жизни
Рафаэль Дамиров,Физрук 2: Назад в СССР
Джейд Картер,Нейросети. Генерация изображений
Лена Обухова,Ночной смотритель
Матильда Старр,"Очень злой дракон, или Бытовая магия для неумехи"
О.Шеллина (shellina),Последний бой. Том V
О.Шеллина (shellina),Проблема выбора. Том II
Оксана Гринберга,Святоша. Путь сердца
Алина Углицкая,Трофей императора
Михаил Гребенюк,Гениальные скрипты продаж. Как завоевать лояльность клиентов. 10 шагов к удвоению продаж
Драгана Дракулич-Прийма,Сербский язык. Начальный курс (+MP3)
Юрий Поляков,Совдетство. Книга о светлом прошлом
Милена Завойчинская,Университет Специальных Чар. Книга 3. Маэстрине некогда скучать
Евгений Бергер,Князь Демидов. Книга 3
Люсинда Райли,Семь сестер. Сестра солнца
Шелби Ван Пелт,Необычайно умные создания
Андрей Васильев,Отдел 15-К. Отзвуки времен
Макс Фрай,О любви и смерти (сборник)
Джордж Оруэлл,1984
Заметки порно-актёра,Минет. Наш с тобой большой секрет
Valeriy Starodubtsev MD PhD,"Возраст Мафусаила: миф или реальность?! Практическое руководство радикального, здорового и активного долголетия"
Елена Миронова,Узники Сна
Кристиан Беркель,Моя дорогая Ада
Михаил Атаманов,Искажающие Реальность. Книга 11
Брендон Сандерсон,Локон с Изумрудного моря
Айрин Лакс,"Раздевайся, тебе понравится!"
Дэниел Ергин,"Добыча. Всемирная история борьбы за нефть, деньги и власть"
Джон Перкинс,Исповедь экономического убийцы
Радислав Гандапас,Камасутра для оратора
Келли Макгонигал,Сила воли. Как развить и укрепить
Николай Кукушкин,Хлопок одной ладонью: Как неживая природа породила человеческий разум
Роберт Гловер,"Хватит быть славным парнем! Проверенный способ добиться желаемого в любви, сексе и жизни"
Мэтт Хейг,Полночная библиотека
Дэн Кеннеди,Жесткий менеджмент. Заставьте работать людей на результат
Анна Бабич,Внутренняя опора. В любой ситуации возвращайтесь к себе
Anne Dar,Неуязвимая
Евгений Родин,Танец Архитекторов
Эрих Мария Ремарк,На Западном фронте без перемен
Кира Иствуд,Я стала злодейкой любовного романа
Кира Иствуд,"Отбор истинных! Оборотень ищет, принцесса бежит"
Олег Немиров,Земля! Визит родственников
Эрих Мария Ремарк,Три товарища
Алина Аркади,Овод
Евгений Юрьевич Ильичев,Последний контакт 2
Алиса Жданова,"Пособие для адептки, или Как влюбить ледяного дракона"
Влад Лей,Колонисты 2
Роберт Колкер,"Что-то не так с Гэлвинами. Идеальная семья, разрушенная безумием"
Грегори Дэвид Робертс,"Шантарам (части 1-я, 2-я)"
Ольга Сергеевна Рузанова,Чужой муж
Дэвид Натт,Пить или не пить? Новая наука об алкоголе и вашем здоровье
Алексей Ситников,Karmamagic
Федор Достоевский,Преступление и наказание
Фил Найт,"Продавец обуви. История компании Nike, рассказанная ее основателем"
Ольга Бекенёва,Самоучитель по хронально-векторной диагностике. Часть 2. Типологии личности и кармические задачи души
Ольга Бекенёва,Самоучитель по хронально-векторной диагностике. Часть I
Татьяна Тимина,"Секреты аналитики, или Аналитика без секретов"
Николай Олегович Просвиров,Пожарная сигнализация и слаботочные системы. Учебник Просвирова Николая Олеговича
Сергей Поляков,GreenCard США для талантов
Денис Дубовцев,"Профессия финансист. Как в современном бизнесе мотивировать людей и управлять деньгами, не забывая про риски"
Людмила Ковалева,Невротические адаптации
Владимир Леонидович Уткин,История России в рассказах для детей и взрослых
Кристин Ханна,Улица Светлячков
Макс Глебов,Армада Вторжения
Евгений Водолазкин,Оправдание Острова
Эрих Фромм,Забытый язык
Игорь Манн,Чуть-чуть эффективнее. 12 векторов стать лучше
Анна и Сергей Литвиновы,Колесницы судьбы
Елена Звездная,Темная империя. Книга первая
Елена Звездная,Темная империя. Книга вторая
Александр Васильевич Бындю,Карта гипотез
Александра Шахова,Счастье измеряется в хвостах
Брайан Стейвли,Пепел Нетесаного трона. На руинах империи
Наталья Андреева,Шампанское было лишним
Никита Киров,Волк: Лихие 90-е
Александра Шервинская,Диагноз: не женат. Опасные тайны
Андрей Васильев,Знаки ночи
О.Шеллина (shellina),Ярмарка невест. Том III
Леонид Тальпис,Да пребудет с вами ВсеЛенская терапия
Донна Тартт,Щегол
Ю Несбё,Снеговик
Филип Зимбардо,"Мужчина в отрыве: Игры, порно и потеря идентичности"
Меган Розенблум,"Темные архивы. Загадочная история книг, обернутых в человеческую кожу"
Нассим Николас Талеб,Черный лебедь. Под знаком непредсказуемости
Деннис Тейлор,Небесная река
Константин Денисов,Выживальщики. Борьба за жизнь. Охота
Максим Андреевич Зарецкий,Край 4
Кристина Юрьевна Юраш,Пари на дракона
Александр Баунов,Конец режима. Как закончились три европейские диктатуры
Бретт Стинбарджер,Психология трейдинга. Инструменты и методы принятия решений
Франсуа Шолле,Глубокое обучение на Python (pdf+epub)
Генри Минцберг,Менеджмент: Природа и структура организаций
Джозеф Хенрик,Самые странные в мире: Как люди Запада обрели психологическое своеобразие и чрезвычайно преуспели
Элина Болтенко,Учебник по практической магии. Части I-III
Сергей Лукьяненко,Порог
Ю Несбё,Жажда
Наполеон Хилл,Думай и богатей
Андреас Грубер,Смерть с уведомлением
Александр Александрович Высоцкий,Оргсхема. Как разработать структуру компании
Надежда Мамаева,"Достать дракона, поймать корону"
Наринэ Абгарян,Манюня
Джо Наварро,"Я вижу, о чём вы думаете"
Владлен Логинов,В.И. Ленин. Полная биография
Мария Парр,Вафельное сердце
Татьяна Устинова,Дочки-матери
Наталья Жильцова,Факультет выживших
Михай Чиксентмихайи,Поток: Психология оптимального переживания
Сергей Снегов,Диктатор
Михаил Зыгарь,Империя должна умереть: История русских революций в лицах. 1900-1917
Роберт Сапольски,Психология стресса
Дамир Халилов,"Метод скользкой горки. Сторителлинг для Reels, Stories, TikTok-роликов и других форматов социальных сетей"
Сергей Калиничев,"Адекватность. Как видеть суть происходящего, принимать хорошие решения и создавать результат без стресса"
Стив Нисон,За гранью японских свечей
Сергей Молчанов,Бухгалтерский учет за 14 дней. Экспресс-курс
Дима Зицер,Свобода от воспитания
Джемма Лавендер,"Главное в истории Вселенной. Открытия, теории и хронология от Большого взрыва до смерти Солнца"
Эдуард Хруцкий,Осень в Сокольниках
Алина Углицкая,Украденная драконом
Коллектив авторов,CHEFART. Коллекция лучших рецептов. Том 2
Дарья Дезомбре,Сеть птицелова
Виктор Суворов,Аквариум
Андрей Васильев,Осколки легенд. Том 1
Мартин Гилберт,Черчилль. Биография
Андрей Васильев,Золото мертвых
Майк Омер,Сеть смерти
Джон П. Стрелеки,"Кафе на краю земли. Как перестать плыть по течению и вспомнить, зачем ты живешь"
Ольга Пустошинская,В режиме нереального времени
Юлия Журавлева,Целитель магических животных. Ожившая легенда
Майкл Р. Каммингс,Основы генетики
Полин Браун,Эстетический интеллект. Как его развивать и использовать в бизнесе и жизни
Олег Калиничев,Эмоциональный интеллект. Управлять собой и влиять на других
Игорь Манн,Маркетинг без бюджета. 50 работающих инструментов
Эстер Перель,Всегда желанные. Как сохранить страсть в длительных отношениях
Юлия Журавлева,Кафедра зооцелительства
Эрик Берн,"Игры, в которые играют люди. Люди, которые играют в игры (сборник)"
Михаил Гребенюк,Отдел продаж по захвату рынка
Анджей Сапковский,Меч Предназначения
Пауло Коэльо,Алхимик
Ольга Которова,Проклятие черного гримуара
Александра Шервинская,Диагноз: не женат. В погоне за мечтой
Anne Dar,Полтора года жизни
Алекс Гор,Дикий прапор. Книга 3
Таша Мисник,В сердце Бостона
